<?xml version="1.0" encoding="UTF-8" standalone="yes"?>
<addon id="plugin.video.cloudbaby" name="Cloud Baby" version="1.0.0" provider-name="Cloud Baby">
  <requires>
    <import addon="xbmc.python" version="2.1.0"/>
	<import addon="repository.xbmc-israel" />
  </requires>
  <extension point="xbmc.python.pluginsource" library="default.py">
        <provides>video</provides>
  </extension>
  <extension point="xbmc.addon.metadata">
    <summary lang="en">Live SD and HD TV Channels</summary>
    <description lang="en">General Disclaimer: Cloud Baby takes no responsibility for the content or reliability for the feeds. Cloud Baby Does Not host any of the feeds or streams.</description>
	<disclaimer>Cloud Baby 2017</disclaimer>
    <platform>all</platform>
  </extension>
</addon>
